WILDLAND FEDERAL AGENCY CODES,
(NIFC Standard Codeset),
,
Agency Code,AGENCY (Wildland) 
AKCGF,USDA - FOREST SERVICE (Chugach National Forest)
AKTNF,USDA- FOREST SERVICE (Tongass National Forest)
AKANA,USDI - BUREAU OF INDIAN AFFAIRS (Anchorage Agency)
AKBEA,USDI - BUREAU OF INDIAN AFFAIRS (Bethel Agency)
AKCIA,USDI - BUREAU OF INDIAN AFFAIRS (Chugachmiut Agency)
AKFAA,USDI - BUREAU OF INDIAN AFFAIRS (Fairbanks Agency)
AKJAO,USDI - BUREAU OF INDIAN AFFAIRS (Juneau Area Office)
AKMEA,USDI - BUREAU OF INDIAN AFFAIRS (Metlakatla Agency)
AKNOA,USDI - BUREAU OF INDIAN AFFAIRS (Nome Agency)
AKAMR,USDI - FISH & WILDLIFE SERVICE (Alaska Maritime NWR)
AKAPR,USDI - FISH & WILDLIFE SERVICE (Alaska Peninsula NWR)
AKARR,USDI - FISH & WILDLIFE SERVICE (Arctic NWR)
AKBCR,USDI - FISH & WILDLIFE SERVICE (Becharof NWR)
AKINR,USDI - FISH & WILDLIFE SERVICE (Innoko NWR)
AKIZR,USDI - FISH & WILDLIFE SERVICE (Izembek NWR)
AKKAR,USDI - FISH & WILDLIFE SERVICE (Kanuti NWR)
AKKDR,USDI - FISH & WILDLIFE SERVICE (Kodiak NWR)
AKKNR,USDI - FISH & WILDLIFE SERVICE (Kenai NWR)
AKKUR,USDI - FISH & WILDLIFE SERVICE (Koyukuk NWR)
AKNOR,USDI - FISH & WILDLIFE SERVICE (Nowitna NWR)
AKSWR,USDI - FISH & WILDLIFE SERVICE (Selawik NWR)
AKTER,USDI - FISH & WILDLIFE SERVICE (Tetlin NWR)
AKTGR,USDI - FISH & WILDLIFE SERVICE (Togiak NWR)
AKYDR,USDI - FISH & WILDLIFE SERVICE (Yukon Delta NWR)
AKYFR,USDI - FISH & WILDLIFE SERVICE (Yukon Flats NWR)
AKANP,USDI - NATIONAL PARK SERVICE (Aniakchak NM & Preserve)
AKBLP,USDI - NATIONAL PARK SERVICE (Bering Land Bridge National Preserve)
AKDEP,USDI - NATIONAL PARK SERVICE (Denali National Park & Preserve)
AKEAP,USDI - NATIONAL PARK SERVICE (Eastern Alaska Park Group)
AKGAP,USDI - NATIONAL PARK SERVICE (Gates of the Artic NP & Preserve)
AKGBP,USDI - NATIONAL PARK SERVICE (Glacier Bay National Park & Preserve)
AKKAP,USDI - NATIONAL PARK SERVICE (Katmai National Park & Preserve)
AKKEP,USDI - NATIONAL PARK SERVICE (Kenai Fjords National Park)
AKKLP,USDI - NATIONAL PARK SERVICE (Klondike Gold Rush NHP)
AKKOP,USDI - NATIONAL PARK SERVICE (Kobuk Valley National Park)
AKKRP,USDI - NATIONAL PARK SERVICE (Cape Krusenstern NM)
AKLCP,USDI - NATIONAL PARK SERVICE (Lake Clark National Park & Preserve)
AKNOP,USDI - NATIONAL PARK SERVICE (Noatak Preserve)
AKROP,USDI - NATIONAL PARK SERVICE (AKRO Default Park Group)
AKSIP,USDI - NATIONAL PARK SERVICE (Sitka NHP)
AKWEP,USDI - NATIONAL PARK SERVICE (Western Alaska Park Group)
AKWSP,USDI - NATIONAL PARK SERVICE (Wrangel-St. Elias NP & Preserve)
AKYCP,USDI - NATIONAL PARK SERVICE (Yukon-Charlie Rivers Nat?l Preserve)
CAENF,USDA - FOREST SERVICE (Eldorado National Forest)
CAKNF,USDA - FOREST SERVICE (Klamath National Forest)
CALNF,USDA - FOREST SERVICE (Lassen National Forest)
CAMDF,USDA - FOREST SERVICE (Modoc National Forest)
CAMNF,USDA - FOREST SERVICE (Mendoci National Forest)
CAPNF,USDA - FOREST SERVICE (Plumas National Forest)
CASHF,USDA - FOREST SERVICE (Shasta-Trinity National Forest)
CASRF,USDA - FOREST SERVICE (Six Rivers National Forest)
CATNF,USDA - FOREST SERVICE (Tahoe National Forest)
CAANF,USDA - FOREST SERVICE (Angeles National Forest)
CABDF,USDA - FOREST SERVICE (San Bernardino National Forest)
CACNF,USDA - FOREST SERVICE (Cleveland National Forest)
CAINF,USDA - FOREST SERVICE (Inyo National Forest)
CALPF,USDA - FOREST SERVICE (Los Padres National Forest)
CASNF,USDA - FOREST SERVICE (Sierra National Forest)
CASQF,USDA - FOREST SERVICE (Sequoia National Forest)
CASTF,USDA - FOREST SERVICE (Stanislaus National Forest)
CANWS,USDC - NATIONAL WEATHER SERVICE (National Weather Service)
CAFBA,USDI - BUREAU OF INDIAN AFFAIRS (Fort Bidwell Agency)
CAHIA,USDI - BUREAU OF INDIAN AFFAIRS (Hoopa Agency)
CANCA,USDI - BUREAU OF INDIAN AFFAIRS (Northern California Agency)
CASCA,USDI - BUREAU OF INDIAN AFFAIRS (SCA  Southern California Agency)
CASYC,USDI - BUREAU OF INDIAN AFFAIRS (SYC  Sycuan Agency)
CATIA,USDI - BUREAU OF INDIAN AFFAIRS (TIA  Tule River Agency)
CANOD,USDI - BUREAU OF LAND MANAGEMENT (Northern California District)
CABBD,USDI - BUREAU OF LAND MANAGEMENT (Bakersfield District)
CACDD,USDI - BUREAU OF LAND MANAGEMENT (California Desert District)
CABRL,USDI - BUREAU OF RECLAIMATION (Mid-Pacific Region)
CACLR,USDI - FISH & WILDLIFE SERVICE (Clear Lake)
CAFWR,USDI - FISH & WILDLIFE SERVICE (San Francisco Bay)
CAHBR,USDI - FISH & WILDLIFE SERVICE (Humboldt Bay)
CALKR,USDI - FISH & WILDLIFE SERVICE (Lower Klamath)
CAMDR,USDI - FISH & WILDLIFE SERVICE (Modoc)
CASWR,USDI - FISH & WILDLIFE SERVICE (Sacramento)
CATLR,USDI - FISH & WILDLIFE SERVICE (Tule Lake)
HIHIR,USDI - FISH & WILDLIFE SERVICE (Hawaiian Islands)
HIHLR,USDI - FISH & WILDLIFE SERVICE (Huleia)
HIHNR,USDI - FISH & WILDLIFE SERVICE (Hanalei)
HIJCR,USDI - FISH & WILDLIFE SERVICE (James C. Campbell)
HIKKR,USDI - FISH & WILDLIFE SERVICE (Kakahaia)
HIPHR,USDI - FISH & WILDLIFE SERVICE (Pearl Harbor)
NVSAR,USDI - FISH & WILDLIFE SERVICE (Sheldon Antelope  NV)
CACBR,USDI - FISH & WILDLIFE SERVICE (Cibola)
CAKRR,USDI - FISH & WILDLIFE SERVICE (Kern)
CALUR,USDI - FISH & WILDLIFE SERVICE (San Luis)
CASSR,USDI - FISH & WILDLIFE SERVICE (Salton Sea)
CATNR,USDI - FISH & WILDLIFE SERVICE (Tijuana Slough)
CABNP,USDI - NATIONAL PARK SERVICE (Lava Beds NM)
CAGNP,USDI - NATIONAL PARK SERVICE (Golden Gate NRA)
CAJMP,USDI - NATIONAL PARK SERVICE (John Muir NHS)
CALNP,USDI - NATIONAL PARK SERVICE (Lassen Volcanic NP)
CAPRP,USDI - NATIONAL PARK SERVICE (Presidio of San Francisco)
CARNP,USDI - NATIONAL PARK SERVICE (Point Reyes National Seashore)
CARWP,USDI - NATIONAL PARK SERVICE (Redwood NP)
CAWNP,USDI - NATIONAL PARK SERVICE (Whiskeytown NRA)
GUAMP,USDI - NATIONAL PARK SERVICE (American Memorial Park)
GUWPP,USDI - NATIONAL PARK SERVICE (War in Pacific NHP)
HIHKP,USDI - NATIONAL PARK SERVICE (Haleakala NP)
HIHVP,USDI - NATIONAL PARK SERVICE (Hawaii Volcaes NP)
HIKAP,USDI - NATIONAL PARK SERVICE (Kalaupapa NHP)
HIKHP,USDI - NATIONAL PARK SERVICE (Kaloko-Hokohau NHP)
HIPHP,USDI - NATIONAL PARK SERVICE (Puukohola Heiau NHS)
HIPUP,USDI - NATIONAL PARK SERVICE (Puuohonua O Honaunau NHP)
HIUSP,USDI - NATIONAL PARK SERVICE (U.S.S. Arizona Memorial)
CACAP,USDI - NATIONAL PARK SERVICE (Cabillio NM)
CACNP,USDI - NATIONAL PARK SERVICE (Channel Islands NP)
CADPP,USDI - NATIONAL PARK SERVICE (Devils Postpile NM)
CADVP,USDI - NATIONAL PARK SERVICE (Death Valley NP)
CAJTP,USDI - NATIONAL PARK SERVICE (Joshua Tree NM)
CAKNP,USDI - NATIONAL PARK SERVICE (Sequoia & Kings Canyon NP)
CAMNP,USDI - NATIONAL PARK SERVICE (Mojave NP)
CAPIP,USDI - NATIONAL PARK SERVICE (Pinnacles NM)
CASMP,USDI - NATIONAL PARK SERVICE (Santa Moni Mountains NRA)
CAYNP,USDI - NATIONAL PARK SERVICE (Yosemite NP)
NVFNA,DOD ?DEPT DEFENSE (Fallon Naval Air Station)
NVNTE,DOD ?DEPT DEFENSE (Nevada Test Site)
IDBOF,USDA - FOREST SERVICE (Boise National Forest)
IDCTF,USDA - FOREST SERVICE (Caribou-Targhee National Forest)
IDPAF,USDA - FOREST SERVICE (Payette National Forest)
IDSCF,USDA - FOREST SERVICE (Salmon-Challis National Forest)
IDSTF,USDA - FOREST SERVICE (Sawtooth National Forest)
UTASF,USDA - FOREST SERVICE (Ashley National Forest)
UTDIF,USDA - FOREST SERVICE (Dixie National Forest)
UTFIF,USDA - FOREST SERVICE (Fishlake National Forest)
UTMLF,USDA - FOREST SERVICE (Manti-Lasal National Forest)
UTUIF,USDA - FOREST SERVICE (Uinta National Forest)
UTWCF,USDA - FOREST SERVICE (Wasatch-Cache National Forest)
WYBTF,USDA - FOREST SERVICE (Bridger-Teton National Forest)
NVHTF,USDA - FOREST SERVICE (Humboldt-Toiyabe National Forest)
IDBLR,USDI - FISH & WILDLIFE SERVICE (Bear Lake)
IDCSR,USDI - FISH & WILDLIFE SERVICE (Camas)
IDDFR,USDI - FISH & WILDLIFE SERVICE (Deer Flat)
IDGLR,USDI - FISH & WILDLIFE SERVICE (Grays Lake)
IDHFR,USDI - FISH & WILDLIFE SERVICE (Hagerman National Fish Hatchery)
IDMNR,USDI - FISH & WILDLIFE SERVICE (Minidoka)
UTBBR,USDI - FISH & WILDLIFE SERVICE (Bear River Migratory Bird Refuge)
UTFSR,USDI - FISH & WILDLIFE SERVICE (Fish Springs)
UTOWR,USDI - FISH & WILDLIFE SERVICE (Ouray)
WYNER,USDI - FISH & WILDLIFE SERVICE (National Elk Refuge)
NVAIR,USDI - FISH & WILDLIFE SERVICE (Anaho Island)
NVAMR,USDI - FISH & WILDLIFE SERVICE (Ash Meadows)
NVDSR,USDI - FISH & WILDLIFE SERVICE (Desert)
NVFLR,USDI - FISH & WILDLIFE SERVICE (Fallon)
NVMVR,USDI - FISH & WILDLIFE SERVICE (Moapa Valley)
NVPRR,USDI - FISH & WILDLIFE SERVICE (Pahranagat)
NVRLR,USDI - FISH & WILDLIFE SERVICE (Ruby Lake)
NVSWR,USDI - FISH & WILDLIFE SERVICE (Stillwater)
IDCMP,USDI - NATIONAL PARK SERVICE (Craters of the Moon NM)
IDCRP,USDI - NATIONAL PARK SERVICE (City of Rocks National Reserve)
IDHFP,USDI - NATIONAL PARK SERVICE (Hagerman Fossil Beds NM)
UTARP,USDI - NATIONAL PARK SERVICE (Arches NP)
UTBRP,USDI - NATIONAL PARK SERVICE (Bryce Canyon NP)
UTCAP,USDI - NATIONAL PARK SERVICE (Canyonlands NP)
UTCBP,USDI - NATIONAL PARK SERVICE (Cedar Breaks)
UTCRP,USDI - NATIONAL PARK SERVICE (Capitol Reef NP)
UTDSP,USDI - NATIONAL PARK SERVICE (Dinosaur NM)
UTGLP,USDI - NATIONAL PARK SERVICE (Glen Canyon NRA)
UTGSP,USDI - NATIONAL PARK SERVICE (Golden Spike NHS)
UTHOP,USDI - NATIONAL PARK SERVICE (Hovenweep NM)
UTNBP,USDI - NATIONAL PARK SERVICE (Natural Bridges NM)
UTRAP,USDI - NATIONAL PARK SERVICE (Rainbow Bridge NM)
UTTIP,USDI - NATIONAL PARK SERVICE (Timpanogos Cave NM)
UTZIP,USDI - NATIONAL PARK SERVICE (Zion NP)
WYGTP,USDI - NATIONAL PARK SERVICE (Grand Teton NP)
NVGBP,USDI - NATIONAL PARK SERVICE (Great Basin NP)
NVLAP,USDI - NATIONAL PARK SERVICE (Lake Mead NRA)
ILMPF,USDA - FOREST SERVICE (Midewin National Tall Grass Prairie)
ILSHF,USDA - FOREST SERVICE (Shawnee NF)
INHOF,USDA - FOREST SERVICE (Hoosier NF)
MIHIF,USDA - FOREST SERVICE (Hiawatha NF)
MIHMF,USDA - FOREST SERVICE (Huron-Manistee NF)
MIOTF,USDA - FOREST SERVICE (Ottawa NF)
MNCPF,USDA - FOREST SERVICE (Chippewa NF)
MNSUF,USDA - FOREST SERVICE (Superior NF)
MOMTF,USDA - FOREST SERVICE (Mark Twain NF)
NHWMF,USDA - FOREST SERVICE (White Mountain NF)
OHWAF,USDA - FOREST SERVICE (Wayne NF)
PAALF,USDA - FOREST SERVICE (Allegheny NF)
VTGMF,USDA - FOREST SERVICE (Green Mountian NF)
WICNF,USDA - FOREST SERVICE (Chequamegon-Nicolet NF)
WVMOF,USDA - FOREST SERVICE (Monongahela NF)
IASFA,USDI - BUREAU OF INDIAN AFFAIRS (Sac & Fox Agency)
MEPAA,USDI - BUREAU OF INDIAN AFFAIRS (Passamaquoddy Agency)
MEPEA,USDI - BUREAU OF INDIAN AFFAIRS (Penobscot Agency)
MIMIA,USDI - BUREAU OF INDIAN AFFAIRS (Michigan Agency)
MNMNA,USDI - BUREAU OF INDIAN AFFAIRS (Minnesota Agency)
MNRLA,USDI - BUREAU OF INDIAN AFFAIRS (Red Lake Agency)
WIGLA,USDI - BUREAU OF INDIAN AFFAIRS (Grt Lakes Agency)
WIMEA,USDI - BUREAU OF INDIAN AFFAIRS (Menominee Agency)
IADAR,USDI - FISH & WILDLIFE SERVICE (Driftless)
IADSR,USDI - FISH & WILDLIFE SERVICE (DeSoto)
IANSR,USDI - FISH & WILDLIFE SERVICE (Neal Smith)
IAPLR,USDI - FISH & WILDLIFE SERVICE (Port Louisa)
IAUSR,USDI - FISH & WILDLIFE SERVICE (Union Slough)
ILCOR,USDI - FISH & WILDLIFE SERVICE (Crab Orchard)
ILCTR,USDI - FISH & WILDLIFE SERVICE (Chautauqua)
ILCYR,USDI - FISH & WILDLIFE SERVICE (Cypress Creek)
ILILR,USDI - FISH & WILDLIFE SERVICE (Illinois River)
ILMTR,USDI - FISH & WILDLIFE SERVICE (Mark Twain)
ILSVR,"USDI - FISH & WILDLIFE SERVICE (Savanna District, Upper Mississippi)"
ILTWR,USDI - FISH & WILDLIFE SERVICE (Two Rivers)
INBOR,USDI - FISH & WILDLIFE SERVICE (Big Oaks)
INMSR,USDI - FISH & WILDLIFE SERVICE (Muscatatuck)
INPKR,USDI - FISH & WILDLIFE SERVICE (Patoka River)
MIDRR,USDI - FISH & WILDLIFE SERVICE (Detroit River IWR)
MIHAR,USDI - FISH & WILDLIFE SERVICE (Harbor Island)
MIHFR,USDI - FISH & WILDLIFE SERVICE (Hiawatha Forest NFH)
MIHUR,USDI - FISH & WILDLIFE SERVICE (Huron)
MIKWR,USDI - FISH & WILDLIFE SERVICE (Kirtlandsrbler)
MIMIR,USDI - FISH & WILDLIFE SERVICE (Michigan Island)
MIMWR,USDI - FISH & WILDLIFE SERVICE (MIchigan)
MIPCR,USDI - FISH & WILDLIFE SERVICE (Pendills Creek NFH)
MISNR,USDI - FISH & WILDLIFE SERVICE (Seney)
MISSR,USDI - FISH & WILDLIFE SERVICE (Shiawassee)
MNAGR,USDI - FISH & WILDLIFE SERVICE (Agassiz)
MNBGR,USDI - FISH & WILDLIFE SERVICE (Big Stone)
MNBNR,USDI - FISH & WILDLIFE SERVICE (Morris)
MNCMR,USDI - FISH & WILDLIFE SERVICE (Crane Meadows)
MNDLR,USDI - FISH & WILDLIFE SERVICE (Detroit Lakes)
MNFFR,USDI - FISH & WILDLIFE SERVICE (Fergus Falls)
MNHSR,USDI - FISH & WILDLIFE SERVICE (Hamden Slough)
MNLFR,USDI - FISH & WILDLIFE SERVICE (Litchfield)
MNMGR,"USDI - FISH & WILDLIFE SERVICE (McGregor District, Upper Mississippi)"
MNMVR,USDI - FISH & WILDLIFE SERVICE (Minnesota Valley)
MNRLR,USDI - FISH & WILDLIFE SERVICE (Rice Lake)
MNRYR,USDI - FISH & WILDLIFE SERVICE (Rydell)
MNSBR,USDI - FISH & WILDLIFE SERVICE (Sherburne)
MNTMR,USDI - FISH & WILDLIFE SERVICE (Tamarac)
MNWWR,USDI - FISH & WILDLIFE SERVICE (Windom)
MOBMR,USDI - FISH & WILDLIFE SERVICE (Big Muddy)
MOGRR,USDI - FISH & WILDLIFE SERVICE (Great Rivers)
MOMOR,USDI - FISH & WILDLIFE SERVICE (Mingo)
MOSQR,USDI - FISH & WILDLIFE SERVICE (Squaw Creek)
MOSWR,USDI - FISH & WILDLIFE SERVICE (Swan Lake)
OHOTR,USDI - FISH & WILDLIFE SERVICE (Ottawa)
WILPR,USDI - FISH & WILDLIFE SERVICE (Leopold)
WIGNR,USDI - FISH & WILDLIFE SERVICE (Genoa NFH)
WIHRR,USDI - FISH & WILDLIFE SERVICE (Horicon)
WIIRR,USDI - FISH & WILDLIFE SERVICE (Illinois River)
WIJRR,USDI - FISH & WILDLIFE SERVICE (Jordan River NFH)
WILCR,"USDI - FISH & WILDLIFE SERVICE (LaCrosse District, Upper Mississippi)"
WINCR,USDI - FISH & WILDLIFE SERVICE (Necedah)
WISCR,USDI - FISH & WILDLIFE SERVICE (St. Croix)
WITPR,USDI - FISH & WILDLIFE SERVICE (Trempeleau)
WIWCR,USDI - FISH & WILDLIFE SERVICE (Whittlesey Creek)
WIWNR,"USDI - FISH & WILDLIFE SERVICE (WInona District, Upper Mississippi)"
WVCVR,USDI - FISH & WILDLIFE SERVICE (Canaan Valley)
WVOHR,USDI - FISH & WILDLIFE SERVICE (Ohio River Islands)
CTSMR,USDI - FISH & WILDLIFE SERVICE (Stewart B. McKinney)
DEBHR,USDI - FISH & WILDLIFE SERVICE (Bombay Hook)
DEPHR,USDI - FISH & WILDLIFE SERVICE (Prime Hook)
MAEMR,USDI - FISH & WILDLIFE SERVICE (Eastern Massachusetts  Complex)
MAPRR,USDI - FISH & WILDLIFE SERVICE (Parker River)
MASCR,USDI - FISH & WILDLIFE SERVICE (Sylvio O. Conte)
MDBWR,USDI - FISH & WILDLIFE SERVICE (Chesapeake Marshlands  Complex)
MDENR,USDI - FISH & WILDLIFE SERVICE (Eastern Neck)
MDPWR,USDI - FISH & WILDLIFE SERVICE (Patuxent)
MEARR,USDI - FISH & WILDLIFE SERVICE (Arrostook)
MECMR,USDI - FISH & WILDLIFE SERVICE (Maine Coastal Islands  Complex)
MEMHR,USDI - FISH & WILDLIFE SERVICE (Moosehorn)
MERCR,USDI - FISH & WILDLIFE SERVICE (Rachel Carson)
MESHR,USDI - FISH & WILDLIFE SERVICE (Sunkhaze Mdows)
NHGBR,USDI - FISH & WILDLIFE SERVICE (Grt Bay  NH)
NHUBR,USDI - FISH & WILDLIFE SERVICE (Lake Umbagog  NH)
NJCMR,USDI - FISH & WILDLIFE SERVICE (Cape May  NJ)
NJERR,USDI - FISH & WILDLIFE SERVICE (Edwin B. Forsythe  NJ)
NJGSR,USDI - FISH & WILDLIFE SERVICE (Grt Swamp  NJ)
NJSPR,USDI - FISH & WILDLIFE SERVICE (Supawna Mdows  NJ)
NJWKR,USDI - FISH & WILDLIFE SERVICE (Walkill River  NJ)
NYIRR,USDI - FISH & WILDLIFE SERVICE (Iroquois  NY)
NYLIR,USDI - FISH & WILDLIFE SERVICE (Long Island  Complex NY)
NYMZR,USDI - FISH & WILDLIFE SERVICE (Montezuma  NY)
PAERR,USDI - FISH & WILDLIFE SERVICE (Erie  PA)
PATNR,USDI - FISH & WILDLIFE SERVICE (John Heinz at Tinicum  PA)
RIRIR,USDI - FISH & WILDLIFE SERVICE (Rhode Island  Complex RI)
VTMQR,USDI - FISH & WILDLIFE SERVICE (Missisquoi  VT)
CTWFP,USDI - NATIONAL PARK SERVICE (Weir Farm NHS)
MAADP,USDI - NATIONAL PARK SERVICE (Adams NHS)
MABOP,USDI - NATIONAL PARK SERVICE (Boston NHP)
MABSP,USDI - NATIONAL PARK SERVICE (Boston Support Office)
MACCP,USDI - NATIONAL PARK SERVICE (Cape Cod National Seashore)
MAFRP,USDI - NATIONAL PARK SERVICE (Frederick Law Olmsted NHS)
MAJFP,USDI - NATIONAL PARK SERVICE (John Fitzgerald Kennedy NHS)
MALOP,USDI - NATIONAL PARK SERVICE (Longfellow NHS)
MALWP,USDI - NATIONAL PARK SERVICE (Lowell NHP)
MAMIP,USDI - NATIONAL PARK SERVICE (Minute Man NHP)
MASAP,USDI - NATIONAL PARK SERVICE (Salem ritime NHS)
MASIP,USDI - NATIONAL PARK SERVICE (Saugus Iron Works NHS)
MASPP,USDI - NATIONAL PARK SERVICE (Springfield Armory NHS)
MDAIP,USDI - NATIONAL PARK SERVICE (Assateague Island NS)
MDFMP,USDI - NATIONAL PARK SERVICE (Ft. McHenry NM)
MDHAP,USDI - NATIONAL PARK SERVICE (Hampton NHS)
MDTSP,USDI - NATIONAL PARK SERVICE (Thomas Stone NHS)
MEACP,USDI - NATIONAL PARK SERVICE (Acadia NP)
MERCP,USDI - NATIONAL PARK SERVICE (Roosevelt-Campabello Int'l Park)
NHSGP,USDI - NATIONAL PARK SERVICE (Saint-Gaudens NHS)
NJEDP,USDI - NATIONAL PARK SERVICE (Edison NHS)
NJMOP,USDI - NATIONAL PARK SERVICE (Morristown NHP)
NYFDP,USDI - NATIONAL PARK SERVICE (Home of Franklin D. Roosevelt NHS)
NYFIP,USDI - NATIONAL PARK SERVICE (Fire Island National Seashore)
NYFOP,USDI - NATIONAL PARK SERVICE (Ft. Sanwix NM)
NYGAP,USDI - NATIONAL PARK SERVICE (Gateway NRA)
NYMAP,USDI - NATIONAL PARK SERVICE (Manhattan Sites)
NYMVP,USDI - NATIONAL PARK SERVICE (Martin Van Buren NHS)
NYRVP,USDI - NATIONAL PARK SERVICE (Roosevelt/Vanderbilt NHS)
NYSHP,USDI - NATIONAL PARK SERVICE (Sagamore Hill NHS)
NYSPP,USDI - NATIONAL PARK SERVICE (Saint Paul's Church NHS)
NYSRP,USDI - NATIONAL PARK SERVICE (Saratoga NHP)
NYSTP,USDI - NATIONAL PARK SERVICE (Statue of Liberty NM)
NYUDP,USDI - NATIONAL PARK SERVICE (Upper Delaware NSR)
NYWOP,USDI - NATIONAL PARK SERVICE (Woman's Rights NHP)
PAAPP,USDI - NATIONAL PARK SERVICE (Allegheny Portage Railroad NHS)
PADWP,USDI - NATIONAL PARK SERVICE (Delaware Water Gap NRA)
PAFHP,USDI - NATIONAL PARK SERVICE (Friendship Hill NHS)
PAFNP,USDI - NATIONAL PARK SERVICE (Ft. Necessity NB)
PAGEP,USDI - NATIONAL PARK SERVICE (Gettysburg NMP)
PAHEP,USDI - NATIONAL PARK SERVICE (Hopwell Furnace NHS)
PAINP,USDI - NATIONAL PARK SERVICE (Independence NHP)
PAJFP,USDI - NATIONAL PARK SERVICE (Johnstown Flood NM)
PASTP,USDI - NATIONAL PARK SERVICE (Steamtown NHS)
PAVFP,USDI - NATIONAL PARK SERVICE (Valley Forge NHP)
RIROP,USDI - NATIONAL PARK SERVICE (Roger Williams NM)
VTMBP,USDI - NATIONAL PARK SERVICE (Marsh-Billings-Rockefeller NHP)
WVNRP,USDI - NATIONAL PARK SERVICE (New River Gorge NR)
IAEMP,USDI - NATIONAL PARK SERVICE (Effigy Mounds NM)
IAHHP,USDI - NATIONAL PARK SERVICE (Herbert Hoover NHS)
ILCPP,USDI - NATIONAL PARK SERVICE (Chicago Portage NHS)
ILIMP,USDI - NATIONAL PARK SERVICE (Illinois and Michigan Canal NHC)
ILLHP,USDI - NATIONAL PARK SERVICE (Lincoln Home NHS)
INGRP,USDI - NATIONAL PARK SERVICE (George Rogers Clark NHP)
INIDP,USDI - NATIONAL PARK SERVICE (Indiana Dunes National Lakeshore)
INLBP,USDI - NATIONAL PARK SERVICE (Lincoln Boyhood NM)
MILBP,USDI - NATIONAL PARK SERVICE (Automobile NHA I)
MIFMP,USDI - NATIONAL PARK SERVICE (Father Marquette NM)
MIIRP,USDI - NATIONAL PARK SERVICE (Isle Royale NP)
MIKWP,USDI - NATIONAL PARK SERVICE (Keweenaw NHP)
MIPRP,USDI - NATIONAL PARK SERVICE (Pictured Rocks National Lakeshore)
MISDP,USDI - NATIONAL PARK SERVICE (Sleeping Bear Dunes National Lakeshore MI)
MNGPP,USDI - NATIONAL PARK SERVICE (Grand Portage NM)
MNMSP,USDI - NATIONAL PARK SERVICE (Mississippi NRA)
MNPSP,USDI - NATIONAL PARK SERVICE (Pipestone NM)
MNVOP,USDI - NATIONAL PARK SERVICE (Voyageurs NP)
MOGWP,USDI - NATIONAL PARK SERVICE (Georgeshington Carver NM)
MOHTP,USDI - NATIONAL PARK SERVICE (Harry S. Truman NHS)
MOJEP,USDI - NATIONAL PARK SERVICE (Jefferson National Expansion Memorial)
MOOZP,USDI - NATIONAL PARK SERVICE (Ozark NSR)
MOUGP,USDI - NATIONAL PARK SERVICE (Ulysses S. Grant NHS)
MOWCP,USDI - NATIONAL PARK SERVICE (Wilson's Creek NB)
OHCVP,USDI - NATIONAL PARK SERVICE (Cuyahoga Valley NRA)
OHDAP,USDI - NATIONAL PARK SERVICE (Dayton Aviation Heritage NHP)
OHDBP,USDI - NATIONAL PARK SERVICE (David Berger NM)
OHFLP,USDI - NATIONAL PARK SERVICE (First Ladies NHS)
OHHCP,USDI - NATIONAL PARK SERVICE (Hopewell Culture NHP)
OHJGP,USDI - NATIONAL PARK SERVICE (James A. Garfield NHS)
OHPVP,USDI - NATIONAL PARK SERVICE (Perry's Victory & International Peace Memorial)
OHWHP,USDI - NATIONAL PARK SERVICE (William Howard Taft NHS)
WIAIP,USDI - NATIONAL PARK SERVICE (Apostle Islands NL)
WIIAP,USDI - NATIONAL PARK SERVICE (Ice Age NP)
WINCP,USDI - NATIONAL PARK SERVICE (North Country NST)
WISCP,USDI - NATIONAL PARK SERVICE (Saint Croix NSR)
IDCWF,USDA - FOREST SERVICE (Clearwater National Forest)
IDIPF,USDA - FOREST SERVICE (Idaho Panhandle National Forest)
IDNPF,USDA - FOREST SERVICE (Nez Perce National Forest)
MTBDF,USDA - FOREST SERVICE (Beaverhead/Deerlodge National Forest)
MTBRF,USDA - FOREST SERVICE (Bitterroot National Forest)
MTCNF,USDA - FOREST SERVICE (Custer National Forest)
MTFNF,USDA - FOREST SERVICE (Flathead National Forest)
MTGNF,USDA - FOREST SERVICE (Gallatin National Forest)
MTHNF,USDA - FOREST SERVICE (Helena National Forest)
MTKNF,USDA - FOREST SERVICE (Kootenai National Forest)
MTLCF,USDA - FOREST SERVICE (Lewis & Clark National Forest)
MTLNF,USDA - FOREST SERVICE (Lolo National Forest)
NDDPF,USDA - FOREST SERVICE (Dakota Prairie National Grasslands)
MTBLW,USDC - NATIONAL WEATHER SERVICE (NWS Billings Weather Service)
MTGFW,USDC - NATIONAL WEATHER SERVICE (Great Falls Weather Service)
MTGGW,USDC - NATIONAL WEATHER SERVICE (Glasgow Weather Service)
MTMSW,USDC - NATIONAL WEATHER SERVICE (Missoula Weather Service)
NDBMW,USDC - NATIONAL WEATHER SERVICE (Bismark Weather Service)
NDGFW,USDC - NATIONAL WEATHER SERVICE (Grand Forks Weather Service)
IDNIA,USDI - BUREAU OF INDIAN AFFAIRS (North Idaho Agency)
MTBFA,USDI - BUREAU OF INDIAN AFFAIRS (Blackfeet Agency)
MTCRA,USDI - BUREAU OF INDIAN AFFAIRS (Crow Agency)
MTFBA,USDI - BUREAU OF INDIAN AFFAIRS (Fort Belknap Agency)
MTFHA,USDI - BUREAU OF INDIAN AFFAIRS (Flathead Agency)
MTFPA,USDI - BUREAU OF INDIAN AFFAIRS (Fort Peck Agency)
MTNCA,USDI - BUREAU OF INDIAN AFFAIRS (Northern Cheyenne Agency)
MTRBA,USDI - BUREAU OF INDIAN AFFAIRS (Rocky Boys Agency)
MTRNA,USDI - BUREAU OF INDIAN AFFAIRS (Ronan Agency)
NDFBA,USDI - BUREAU OF INDIAN AFFAIRS (Fort Berthold Agency)
NDFTA,USDI - BUREAU OF INDIAN AFFAIRS (Fort Totten Agency)
NDTMA,USDI - BUREAU OF INDIAN AFFAIRS (Turtle Mountain Agency)
IDKOR,USDI - BUREAU OF RECLAIMATION (Kootenai)
MTBLR,USDI - BUREAU OF RECLAIMATION (Benton Lake)
MTBWR,USDI - BUREAU OF RECLAIMATION (Bowdoin)
MTCMR,USDI - BUREAU OF RECLAIMATION (Charles M. Russell)
MTLMR,USDI - BUREAU OF RECLAIMATION (Lee Metcalf)
MTMLR,USDI - BUREAU OF RECLAIMATION (Medicine Lake)
MTNBR,USDI - BUREAU OF RECLAIMATION (National Bison Range)
MTRLR,USDI - BUREAU OF RECLAIMATION (Red Rock Lakes)
NDADR,USDI - BUREAU OF RECLAIMATION (Audubon)
NDAWR,USDI - BUREAU OF RECLAIMATION (Arrowwood)
NDCLR,USDI - BUREAU OF RECLAIMATION (Chase Lake)
NDCRR,USDI - BUREAU OF RECLAIMATION (Crosby)
NDDLR,USDI - BUREAU OF RECLAIMATION (Des Lacs)
NDJCR,USDI - BUREAU OF RECLAIMATION (J. Clark Salyer)
NDKMR,USDI - BUREAU OF RECLAIMATION (Kulm)
NDLIR,USDI - BUREAU OF RECLAIMATION (Lake ILO)
NDLLR,USDI - BUREAU OF RECLAIMATION (Long Lake)
NDLWR,USDI - BUREAU OF RECLAIMATION (Lostwood Lake)
NDSHR,USDI - BUREAU OF RECLAIMATION (Sullys Hill National Game Preserve)
NDSLR,USDI - BUREAU OF RECLAIMATION (Spirit Lake)
NDTWR,USDI - BUREAU OF RECLAIMATION (Tewaukon)
NDUSR,USDI - BUREAU OF RECLAIMATION (Upper Souris)
NDVCR,USDI - BUREAU OF RECLAIMATION (Valley City)
IDNPP,USDI - NATIONAL PARK SERVICE (Nez Perce NHP)
MTBHP,USDI - NATIONAL PARK SERVICE (Big Hole National Battlefield)
MTBIP,USDI - NATIONAL PARK SERVICE (Big Horn CanyonA)
MTGKP,USDI - NATIONAL PARK SERVICE (Grant-Kohrs Ranch NHS)
MTGNP,USDI - NATIONAL PARK SERVICE (Glacier National Park)
MTLBP,USDI - NATIONAL PARK SERVICE (Little Bighorn Battlefield NHD)
NDFUP,USDI - NATIONAL PARK SERVICE (Fort Union Trading Post NHS)
NDIPP,USDI - NATIONAL PARK SERVICE (International Peace Gardens)
NDKRP,USDI - NATIONAL PARK SERVICE (Knife River Indian Villages NHS)
NDTRP,USDI - NATIONAL PARK SERVICE (Theodore Roosevelt NP)
WYYNP,USDI - NATIONAL PARK SERVICE (Yellowstone National Park)
ORCGF,USDA - FOREST SERVICE (Columbia River Gorge National Scenic Area)
ORDEF,USDA - FOREST SERVICE (Deschutes National Forest)
ORFRF,USDA - FOREST SERVICE (Fremont National Forest)
ORMAF,USDA - FOREST SERVICE (Malheur National Forest)
ORMHF,USDA - FOREST SERVICE (Mt. Hood National Forest)
OROCF,USDA - FOREST SERVICE (Ochoco National Forest)
ORRRF,USDA - FOREST SERVICE (Rogue River National Forest)
ORSIF,USDA - FOREST SERVICE (Siskiyou National Forest)
ORSUF,USDA - FOREST SERVICE (Siuslaw National Forest)
ORUMF,USDA - FOREST SERVICE (Umatilla National Forest)
ORUPF,USDA - FOREST SERVICE (Umpqua National Forest)
ORWIF,USDA - FOREST SERVICE (Willamette National Forest)
ORWNF,USDA - FOREST SERVICE (Winema National Forest)
ORWWF,USDA - FOREST SERVICE (Wallowa-Whitman National Forest)
WACOF,USDA - FOREST SERVICE (Colville National Forest)
WAGPF,USDA - FOREST SERVICE (Gifford Pinchot National Forest)
WAMSF,USDA - FOREST SERVICE (Mt. Baker-Snoqualmie National Forest)
WAOLF,USDA - FOREST SERVICE (Olympic National Forest)
WAOWF,USDA - FOREST SERVICE (Okanogan/Wenatchee National Forest)
ORSIA,USDI - BUREAU OF INDIAN AFFAIRS (Siletz Agency)
ORUMA,USDI - BUREAU OF INDIAN AFFAIRS (Umatilla Agency)
ORWSA,USDI - BUREAU OF INDIAN AFFAIRS (Warm Springs Agency)
WACOA,USDI - BUREAU OF INDIAN AFFAIRS (Colville Agency)
WAOPA,USDI - BUREAU OF INDIAN AFFAIRS (Olympic Peninsula Agency)
WAPSA,USDI - BUREAU OF INDIAN AFFAIRS (Puget Sound Agency)
WASPA,USDI - BUREAU OF INDIAN AFFAIRS (Spokane Agency)
WAYAA,USDI - BUREAU OF INDIAN AFFAIRS (Yakima Agency)
ORAKR,USDI - FISH & WILDLIFE SERVICE (Ankeny)
ORBKR,USDI - FISH & WILDLIFE SERVICE (Baskett Slough)
ORBMR,USDI - FISH & WILDLIFE SERVICE (Bandon Marsh)
ORBVR,USDI - FISH & WILDLIFE SERVICE (Bear Valley)
ORCOR,USDI - FISH & WILDLIFE SERVICE (Cold Springs)
ORCPR,USDI - FISH & WILDLIFE SERVICE (Cape Meares)
ORHAR,USDI - FISH & WILDLIFE SERVICE (The Hart Mountain National Antelope Refuge)
ORKLR,USDI - FISH & WILDLIFE SERVICE (Klamath Forest)
ORLAR,USDI - FISH & WILDLIFE SERVICE (Lewis and Clark)
ORLOR,USDI - FISH & WILDLIFE SERVICE (Lower Klamath)
ORMAR,USDI - FISH & WILDLIFE SERVICE (Malheur)
ORMKR,USDI - FISH & WILDLIFE SERVICE (McKay Creek)
ORNTR,USDI - FISH & WILDLIFE SERVICE (Nestucca Bay)
ORORR,USDI - FISH & WILDLIFE SERVICE (Oregon Islands)
ORSHR,USDI - FISH & WILDLIFE SERVICE (Sheldon-Hart)
ORSIR,USDI - FISH & WILDLIFE SERVICE (Siletz Bay)
ORTAR,USDI - FISH & WILDLIFE SERVICE (Three Arch Rocks)
ORTUR,USDI - FISH & WILDLIFE SERVICE (Tualatin River)
ORUKR,USDI - FISH & WILDLIFE SERVICE (Upper Klamath)
ORUMR,USDI - FISH & WILDLIFE SERVICE (Umatilla)
ORWMR,USDI - FISH & WILDLIFE SERVICE (William L. Finley)
ORWTR,USDI - FISH & WILDLIFE SERVICE (Wapator)
WACBR,USDI - FISH & WILDLIFE SERVICE (Columbia)
WACNR,USDI - FISH & WILDLIFE SERVICE (Conboy Lake)
WACOR,USDI - FISH & WILDLIFE SERVICE (Copalis)
WADNR,USDI - FISH & WILDLIFE SERVICE (Dungeness)
WAFLR,USDI - FISH & WILDLIFE SERVICE (Flattery Rocks)
WAGHR,USDI - FISH & WILDLIFE SERVICE (Gray's Harbor)
WAHFR,USDI - FISH & WILDLIFE SERVICE (Hanford Reach National Monument)
WAJHR,USDI - FISH & WILDLIFE SERVICE (Julia Bulter Hansen for the Columbia)
WALPR,USDI - FISH & WILDLIFE SERVICE (Little Pend Oreille)
WALWH,USDI - FISH & WILDLIFE SERVICE (Leavenworth National Fish Hatchery)
WAMCR,USDI - FISH & WILDLIFE SERVICE (Mid Columbia National Wildlife Refuge Complex)
WAMNR,USDI - FISH & WILDLIFE SERVICE (McNary)
WANQR,USDI - FISH & WILDLIFE SERVICE (Nisqually)
WAPIR,USDI - FISH & WILDLIFE SERVICE (Pierce)
WAPRR,USDI - FISH & WILDLIFE SERVICE (Protection Island)
WAQLR,USDI - FISH & WILDLIFE SERVICE (Quillayute Needles)
WARFR,USDI - FISH & WILDLIFE SERVICE (Ridgefield)
WASAR,USDI - FISH & WILDLIFE SERVICE (Saddle Mountain)
WASGR,USDI - FISH & WILDLIFE SERVICE (Steigerwald Lake)
WASNR,USDI - FISH & WILDLIFE SERVICE (San Juan Islands)
WATBR,USDI - FISH & WILDLIFE SERVICE (Turnbull)
WATPR,USDI - FISH & WILDLIFE SERVICE (Toppenish)
WAWIR,USDI - FISH & WILDLIFE SERVICE (Washington Islands)
WAWLR,USDI - FISH & WILDLIFE SERVICE (Willapa)
ORCLP,USDI - NATIONAL PARK SERVICE (Crater Lake NP)
ORFCP,USDI - NATIONAL PARK SERVICE (Ft. Clatsop NM)
ORJDP,USDI - NATIONAL PARK SERVICE (John Day Fossil Beds NM)
OROCP,USDI - NATIONAL PARK SERVICE (Oregon Caves NM)
WAELP,USDI - NATIONAL PARK SERVICE (Ebey's Landing National Historical Reserve)
WAFVP,USDI - NATIONAL PARK SERVICE (Ft. Vancouver NHS)
WAKGP,USDI - NATIONAL PARK SERVICE (Klondike Gold Rush NHP - Seattle Unit)
WALCP,USDI - NATIONAL PARK SERVICE (Lake Chelan NRA)
WALRP,USDI - NATIONAL PARK SERVICE (Lake Roosevelt NRA)
WAMRP,USDI - NATIONAL PARK SERVICE (Mt. Rainier NP)
WANCP,USDI - NATIONAL PARK SERVICE (North Cascades NP)
WAOLP,USDI - NATIONAL PARK SERVICE (Olympic NP)
WARLP,USDI - NATIONAL PARK SERVICE (Ross Lake NRA)
WASJP,USDI - NATIONAL PARK SERVICE (San Juan Island NHP)
WAWMP,USDI - NATIONAL PARK SERVICE (Whitman Mission NHS)
COARF,USDA - FOREST SERVICE (Arapaho & Roosevelt NFs/Pawnee NG)
COGMF,USDA - FOREST SERVICE (Grand Mesa/Uncompahgre/Gunnison NF)
COPSF,USDA - FOREST SERVICE (Pike and San Isabel NF)
CORGF,USDA - FOREST SERVICE (Rio Grande NF)
CORTF,USDA - FOREST SERVICE (Routt National Forest)
COWRF,USDA - FOREST SERVICE (White River NF)
NENBF,USDA - FOREST SERVICE (Nebraska NF NE)
SDBKF,USDA - FOREST SERVICE (Black Hills NF SD)
WYBHF,USDA - FOREST SERVICE (Bighorn NF WY)
WYMBF,USDA - FOREST SERVICE (Medicine Bow NF WY)
WYSHF,USDA - FOREST SERVICE (Shoshone NF WY)
COSUA,USDI - BUREAU OF INDIAN AFFAIRS (Southern Ute Reservation)
COUMA,USDI - BUREAU OF INDIAN AFFAIRS (Ute Mountain Reservation)
NDSRA,USDI - BUREAU OF INDIAN AFFAIRS (Standing Rock Reservation)
WYWRA,USDI - BUREAU OF INDIAN AFFAIRS (Wind River Reservation)
KSHTA,USDI - BUREAU OF INDIAN AFFAIRS (Horton Reservation)
NEWBA,USDI - BUREAU OF INDIAN AFFAIRS (Winnebago Reservation)
SDCCA,USDI - BUREAU OF INDIAN AFFAIRS (Crow Creek Reservation)
SDCRA,USDI - BUREAU OF INDIAN AFFAIRS (Cheyenne River Reservation)
SDLBA,USDI - BUREAU OF INDIAN AFFAIRS (Lower Brule Reservation)
SDPRA,USDI - BUREAU OF INDIAN AFFAIRS (Pine Ridge Reservation)
SDRBA,USDI - BUREAU OF INDIAN AFFAIRS (Rosebud Reservation)
SDSWA,USDI - BUREAU OF INDIAN AFFAIRS (Sisseton-Wahpeton Reservation)
SDYAA,USDI - BUREAU OF INDIAN AFFAIRS (Yankton Reservation)
COALR,USDI - FISH & WILDLIFE SERVICE (Alamosa)
COARR,USDI - FISH & WILDLIFE SERVICE (Arapaho)
COBAR,USDI - FISH & WILDLIFE SERVICE (Baca)
COBPR,USDI - FISH & WILDLIFE SERVICE (Brown?s Park)
COMVR,USDI - FISH & WILDLIFE SERVICE (Monte Vista)
CORMR,USDI - FISH & WILDLIFE SERVICE (Rocky Mountain Arsenal)
KSFLR,USDI - FISH & WILDLIFE SERVICE (Flint Hills)
KSKIR,USDI - FISH & WILDLIFE SERVICE (Kirwin)
KSMCR,USDI - FISH & WILDLIFE SERVICE (Maris des Cygnes)
KSQUR,USDI - FISH & WILDLIFE SERVICE (Quivira)
NECLR,USDI - FISH & WILDLIFE SERVICE (Crescent Lake)
NEFNR,USDI - FISH & WILDLIFE SERVICE (Ft. Niobrara FNR)
NENPR,USDI - FISH & WILDLIFE SERVICE (North Platte)
NERBR,USDI - FISH & WILDLIFE SERVICE (Rainwater Basin WMD)
NESLR,USDI - FISH & WILDLIFE SERVICE (Sand Lake)
NEVAR,USDI - FISH & WILDLIFE SERVICE (Valentine)
SDHUR,USDI - FISH & WILDLIFE SERVICE (Huron WMD)
SDLAR,USDI - FISH & WILDLIFE SERVICE (Lake Andes)
SDLCR,USDI - FISH & WILDLIFE SERVICE (Lacreek)
SDMDR,USDI - FISH & WILDLIFE SERVICE (Madison WMD)
SDWAR,USDI - FISH & WILDLIFE SERVICE (Waubay)
WYSER,USDI - FISH & WILDLIFE SERVICE (Seedskadee)
COBCP,USDI - NATIONAL PARK SERVICE (Black Cyn. Of the Gunnison NP)
COBFP,USDI - NATIONAL PARK SERVICE (Bents Old Fort NHS)
COCCP,USDI - NATIONAL PARK SERVICE (Curecanti NRA)
COCNP,USDI - NATIONAL PARK SERVICE (Colorado NM)
CODSP,USDI - NATIONAL PARK SERVICE (Dinosaur NP)
COFFP,USDI - NATIONAL PARK SERVICE (Florissant Fossil Beds NP)
COGSP,USDI - NATIONAL PARK SERVICE (Great Sand Dunes NM)
COMVP,USDI - NATIONAL PARK SERVICE (Mesa Verde NP)
CORMP,USDI - NATIONAL PARK SERVICE (Rocky Mountain NP)
COYHP,USDI - NATIONAL PARK SERVICE (Yucca House NM)
KSFLP,USDI - NATIONAL PARK SERVICE (Fort Larned NHS)
KSFSP,USDI - NATIONAL PARK SERVICE (Fort Scott NHS)
KSTGP,USDI - NATIONAL PARK SERVICE (Tall Grass Prairie NP)
WYBHP,USDI - NATIONAL PARK SERVICE (Bighorn Canyon NRA)
WYDTP,USDI - NATIONAL PARK SERVICE (Devils Tower NM)
WYFBP,USDI - NATIONAL PARK SERVICE (Fossil Butte NM)
WYFLP,USDI - NATIONAL PARK SERVICE (Ft. Laramie NHS)
NEAFP,USDI - NATIONAL PARK SERVICE (Agate Fossil Beds NM)
NEHOP,USDI - NATIONAL PARK SERVICE (Homestead NM)
NESBP,USDI - NATIONAL PARK SERVICE (Scotts Bluff NM)
SDBDP,USDI - NATIONAL PARK SERVICE (Badlands NP)
SDJCP,USDI - NATIONAL PARK SERVICE (Jewel Cave NM)
SDMRP,USDI - NATIONAL PARK SERVICE (Mount Rushmore NM)
SDWCP,USDI - NATIONAL PARK SERVICE (Wind Cave NP)
ALALF,USDA - FOREST SERVICE (National Forests in Alabama)
AROUF,USDA - FOREST SERVICE (Ouachita National Forest AR)
AROZF,USDA - FOREST SERVICE (Ozark & St. Francis National Forests)
FLFNF,USDA - FOREST SERVICE (National Forests in Florida)
FLCHF,USDA - FOREST SERVICE (Chattahoochee-Oconee National Forest)
KYDBF,USDA - FOREST SERVICE (Daniel Boone National Forest)
KYLBF,USDA - FOREST SERVICE (Land Between the Lakes NRA)
LAKIF,USDA - FOREST SERVICE (Kisatchie National Forest)
MSMNF,USDA - FOREST SERVICE (National Forests in Mississippi)
NCLBJ,USDA - FOREST SERVICE (Lyndon B. Johnson Job Corp Center)
NCNCF,USDA - FOREST SERVICE (National Forests in North Carolina)
NCSCK,USDA - FOREST SERVICE (Schenck Job Corp Center)
PRCAF,USDA - FOREST SERVICE (Caribbean National Forest)
SCFMF,USDA - FOREST SERVICE (Francis Marion & Sumter National Forests SC)
SCSRF,USDA - FOREST SERVICE (Savannah River Forest)
TNCNF,USDA - FOREST SERVICE (Cherokee National Forest)
TNJCJ,USDA - FOREST SERVICE (Jacobs Creek Job Corp Center)
TXTXF,USDA - FOREST SERVICE (National Forests And Grasslands In Texas TX)
VAVAF,USDA - FOREST SERVICE (George Washington & Jefferson National)
FLSEA,USDI - BUREAU OF INDIAN AFFAIRS (Seminole Agency)
MSCHA,USDI - BUREAU OF INDIAN AFFAIRS (Choctaw Agency)
NCECA,USDI - BUREAU OF INDIAN AFFAIRS (Eastern Cherokee Agency)
SCAAA,USDI - BUREAU OF INDIAN AFFAIRS (Southern Plains Agency)
SCACA,USDI - BUREAU OF INDIAN AFFAIRS (Alabama-Coushatta Agency)
OKCHA,USDI - BUREAU OF INDIAN AFFAIRS (Chickasaw Agency)
OKCNA,USDI - BUREAU OF INDIAN AFFAIRS (Cherokee Nation Tribe)
OKMIA,USDI - BUREAU OF INDIAN AFFAIRS (Miami Agency)
OKOSA,USDI - BUREAU OF INDIAN AFFAIRS (Osage Agency)
OKWEA,USDI - BUREAU OF INDIAN AFFAIRS (Wewoka Agency)
ALBOR,USDI - FISH & WILDLIFE SERVICE (Bon Secour)
ALBWR,USDI - FISH & WILDLIFE SERVICE (Blowing Wind Cave)
ALCHR,USDI - FISH & WILDLIFE SERVICE (Choctaw)
ALEFR,USDI - FISH & WILDLIFE SERVICE (Eufaula)
ALFER,USDI - FISH & WILDLIFE SERVICE (Fern Cave)
ALWAR,USDI - FISH & WILDLIFE SERVICE (Watercress Darter)
ALWLR,USDI - FISH & WILDLIFE SERVICE (Wheeler)
ARBGR,USDI - FISH & WILDLIFE SERVICE (Big Lake)
ARCRR,USDI - FISH & WILDLIFE SERVICE (Cache River)
ARFSR,USDI - FISH & WILDLIFE SERVICE (Felsenthal)
ARHLR,USDI - FISH & WILDLIFE SERVICE (Holla Bend)
ARLOR,USDI - FISH & WILDLIFE SERVICE (Logan Cave)
ARNAR,USDI - FISH & WILDLIFE SERVICE (Northeast Arkansas Refuges)
AROVR,USDI - FISH & WILDLIFE SERVICE (Overflow)
ARPCR,USDI - FISH & WILDLIFE SERVICE (Pond Creek)
ARWHR,USDI - FISH & WILDLIFE SERVICE (White River)
ARWPR,USDI - FISH & WILDLIFE SERVICE (Wapanocca)
FLACR,USDI - FISH & WILDLIFE SERVICE (Archie Carr)
FLCAR,USDI - FISH & WILDLIFE SERVICE (Caloosahatchee)
FLCHR,USDI - FISH & WILDLIFE SERVICE (Chassahowitzka)
FLCKR,USDI - FISH & WILDLIFE SERVICE (Cedar Keys)
FLCLR,USDI - FISH & WILDLIFE SERVICE (Crocodile Lake)
FLCRR,USDI - FISH & WILDLIFE SERVICE (Crystal River)
FLEGR,USDI - FISH & WILDLIFE SERVICE (Egmont Key)
FLFPR,USDI - FISH & WILDLIFE SERVICE (Florida Panther)
FLGWR,USDI - FISH & WILDLIFE SERVICE (Great White Heron)
FLHBR,USDI - FISH & WILDLIFE SERVICE (Hobe Sound)
FLISR,USDI - FISH & WILDLIFE SERVICE (Island Bay)
FLJNR,"USDI - FISH & WILDLIFE SERVICE (J.N. ""Ding"" Darling)"
FLKER,USDI - FISH & WILDLIFE SERVICE (Key West)
FLLRR,USDI - FISH & WILDLIFE SERVICE (Lake Wales Ridge)
FLLSR,USDI - FISH & WILDLIFE SERVICE (Lower Suwannee)
FLLWR,USDI - FISH & WILDLIFE SERVICE (Lake Woodruff)
FLLXR,USDI - FISH & WILDLIFE SERVICE (Arthur R. Marshall/Loxahatchee)
FLMAR,USDI - FISH & WILDLIFE SERVICE (Matlacha Pass)
FLMIR,USDI - FISH & WILDLIFE SERVICE (Merritt Island)
FLNKR,USDI - FISH & WILDLIFE SERVICE (National Key Deer Refuge)
FLPAR,USDI - FISH & WILDLIFE SERVICE (Passage Key)
FLPIR,USDI - FISH & WILDLIFE SERVICE (Pine Island)
FLPLR,USDI - FISH & WILDLIFE SERVICE (Pelican Island)
FLPNR,USDI - FISH & WILDLIFE SERVICE (Pinellas)
FLSJR,USDI - FISH & WILDLIFE SERVICE (St. Johns)
FLSMR,USDI - FISH & WILDLIFE SERVICE (St. Marks)
FLSVR,USDI - FISH & WILDLIFE SERVICE (St. Vincent)
FLSWR,USDI - FISH & WILDLIFE SERVICE (Southwest orida Gulf Coast Refuges)
FLTBR,USDI - FISH & WILDLIFE SERVICE (Tampa Bay Refuges)
FLTTR,USDI - FISH & WILDLIFE SERVICE (Ten Thousand Islands)
GABLR,USDI - FISH & WILDLIFE SERVICE (Blackbeard Island)
GABNR,USDI - FISH & WILDLIFE SERVICE (Banks Lake)
GABSR,USDI - FISH & WILDLIFE SERVICE (Bond Swamp)
GAHSR,USDI - FISH & WILDLIFE SERVICE (Harris Neck)
GAOKR,USDI - FISH & WILDLIFE SERVICE (Okefenokee)
GAPDR,USDI - FISH & WILDLIFE SERVICE (Piedmont)
GASAR,USDI - FISH & WILDLIFE SERVICE (Savannah Coastal Refuges)
GATYR,USDI - FISH & WILDLIFE SERVICE (Tybee)
GAWLR,USDI - FISH & WILDLIFE SERVICE (Wolf Island)
GAWSR,USDI - FISH & WILDLIFE SERVICE (Wassaw)
KYCLR,USDI - FISH & WILDLIFE SERVICE (Clark's River KY)
LAATR,USDI - FISH & WILDLIFE SERVICE (Atchafalaya)
LABAR,USDI - FISH & WILDLIFE SERVICE (Bayou Cocodrie)
LABBR,USDI - FISH & WILDLIFE SERVICE (Big Branch Marsh)
LABCR,USDI - FISH & WILDLIFE SERVICE (Bouge Chitto)
LABSR,USDI - FISH & WILDLIFE SERVICE (Bayouuvage)
LABTR,USDI - FISH & WILDLIFE SERVICE (Breton)
LACPR,USDI - FISH & WILDLIFE SERVICE (Cameron Prarie)
LACTR,USDI - FISH & WILDLIFE SERVICE (Catahoula)
LADLR,USDI - FISH & WILDLIFE SERVICE (Delta)
LADRR,USDI - FISH & WILDLIFE SERVICE (D'Arbonne)
LAGCR,USDI - FISH & WILDLIFE SERVICE (Grand Cote)
LAHAR,USDI - FISH & WILDLIFE SERVICE (Handy Brake)
LALCR,USDI - FISH & WILDLIFE SERVICE (Lacassine)
LALOR,USDI - FISH & WILDLIFE SERVICE (Lake Ophelia)
LALWR,USDI - FISH & WILDLIFE SERVICE (Louisiana Wetlands)
LAMYR,USDI - FISH & WILDLIFE SERVICE (Mandalay)
LARRR,USDI - FISH & WILDLIFE SERVICE (Red River)
LASBR,USDI - FISH & WILDLIFE SERVICE (Sabine)
LASHR,USDI - FISH & WILDLIFE SERVICE (Shell Keys)
LATNR,USDI - FISH & WILDLIFE SERVICE (Tensas River)
LAUOR,USDI - FISH & WILDLIFE SERVICE (Upper Ouachita)
MSDAR,USDI - FISH & WILDLIFE SERVICE (Dahomey)
MSGBR,USDI - FISH & WILDLIFE SERVICE (Grand Bay)
MSHLR,USDI - FISH & WILDLIFE SERVICE (Hillside)
MSMBR,USDI - FISH & WILDLIFE SERVICE (Mathews Brake)
MSMKR,USDI - FISH & WILDLIFE SERVICE (Morgan Brake)
MSMSR,USDI - FISH & WILDLIFE SERVICE (Mississippi Sandhill Crane)
MSMWR,USDI - FISH & WILDLIFE SERVICE (Mississippi Wetlands Authority)
MSNXR,USDI - FISH & WILDLIFE SERVICE (Noxubee)
MSPNR,USDI - FISH & WILDLIFE SERVICE (Panther Swamp)
MSSCR,USDI - FISH & WILDLIFE SERVICE (St. Catherine Creek)
MSTAR,USDI - FISH & WILDLIFE SERVICE (Tallehatchie)
MSYZR,USDI - FISH & WILDLIFE SERVICE (Yazoo)
NCALR,USDI - FISH & WILDLIFE SERVICE (Alligator River)
NCCDR,USDI - FISH & WILDLIFE SERVICE (Cedar Island)
NCCRR,USDI - FISH & WILDLIFE SERVICE (Currituck)
NCFWC,USDI - FISH & WILDLIFE SERVICE (Alligator River Dispatch)
NCMCR,USDI - FISH & WILDLIFE SERVICE (Mackay Island)
NCMTR,USDI - FISH & WILDLIFE SERVICE (Mattamuskeet)
NCMUR,USDI - FISH & WILDLIFE SERVICE (Pungo)
NCPER,USDI - FISH & WILDLIFE SERVICE (Pee Dee)
NCPLR,USDI - FISH & WILDLIFE SERVICE (Pea Island)
NCPOR,USDI - FISH & WILDLIFE SERVICE (Pocosin Lakes)
NCRRR,USDI - FISH & WILDLIFE SERVICE (Roanoke River)
NCSWR,USDI - FISH & WILDLIFE SERVICE (Swanquarter)
OKDXR,USDI - FISH & WILDLIFE SERVICE (Dexter NFH)
OKLRR,USDI - FISH & WILDLIFE SERVICE (Little River)
OKLSR,USDI - FISH & WILDLIFE SERVICE (Little Sandy)
OKOBR,USDI - FISH & WILDLIFE SERVICE (Oklahoma Bat Caves)
OKSLR,USDI - FISH & WILDLIFE SERVICE (Salt Plains)
OKSQR,USDI - FISH & WILDLIFE SERVICE (Sequoyah)
OKTSR,USDI - FISH & WILDLIFE SERVICE (Tishomingo)
OKWMR,USDI - FISH & WILDLIFE SERVICE (Wichita Mountains)
OKWSR,USDI - FISH & WILDLIFE SERVICE (Washita)
PRCBR,USDI - FISH & WILDLIFE SERVICE (Cabo Rojo)
PRCUR,USDI - FISH & WILDLIFE SERVICE (Culebra)
PRDER,USDI - FISH & WILDLIFE SERVICE (Desecheo)
PRLCR,USDI - FISH & WILDLIFE SERVICE (Laguna Cartagena PR)
SCACR,USDI - FISH & WILDLIFE SERVICE (Ace Basin)
SCCMR,USDI - FISH & WILDLIFE SERVICE (Cape Romain)
SCCRR,USDI - FISH & WILDLIFE SERVICE (Carolina Sandhills)
SCPKR,USDI - FISH & WILDLIFE SERVICE (Pinckney Island)
SCSNR,USDI - FISH & WILDLIFE SERVICE (Santee)
SCWAR,USDI - FISH & WILDLIFE SERVICE (Waccamaw)
TNCHR,USDI - FISH & WILDLIFE SERVICE (Chicksaw)
TNCRR,USDI - FISH & WILDLIFE SERVICE (Cross Creeks)
TNHTR,USDI - FISH & WILDLIFE SERVICE (Hatchie)
TNLHR,USDI - FISH & WILDLIFE SERVICE (Lower Hatchie)
TNLIR,USDI - FISH & WILDLIFE SERVICE (Lake Isom)
TNRLR,USDI - FISH & WILDLIFE SERVICE (Reelfoot)
TNTNR,USDI - FISH & WILDLIFE SERVICE (Tennessee)
TXARR,USDI - FISH & WILDLIFE SERVICE (Arans)
TXATR,USDI - FISH & WILDLIFE SERVICE (Attwater Prarie Chicken)
TXBAR,USDI - FISH & WILDLIFE SERVICE (Balcones Canyon)
TXBBR,USDI - FISH & WILDLIFE SERVICE (Big Boggy)
TXBRR,USDI - FISH & WILDLIFE SERVICE (Brazoria)
TXCLR,USDI - FISH & WILDLIFE SERVICE (Caddo Lake)
TXCOR,USDI - FISH & WILDLIFE SERVICE (Columbia Lakes)
TXHGR,USDI - FISH & WILDLIFE SERVICE (Hagerman)
TXLGR,USDI - FISH & WILDLIFE SERVICE (Laguna Atasco)
TXMAR,USDI - FISH & WILDLIFE SERVICE (Matagorda)
TXMCR,USDI - FISH & WILDLIFE SERVICE (McFaddin)
TXMDR,USDI - FISH & WILDLIFE SERVICE (Moody)
TXRGR,USDI - FISH & WILDLIFE SERVICE (Lower Rio Grande Valley)
TXSNR,USDI - FISH & WILDLIFE SERVICE (San Bernard)
TXSRR,USDI - FISH & WILDLIFE SERVICE (South Texas Refuge Complex)
TXSTR,USDI - FISH & WILDLIFE SERVICE (Santa Ana)
TXTCR,USDI - FISH & WILDLIFE SERVICE (Texas Chenier Plain Complex)
TXTMR,USDI - FISH & WILDLIFE SERVICE (Texas Mid Coast Refuge Complex)
TXTPR,USDI - FISH & WILDLIFE SERVICE (Texas Point)
TXTRR,USDI - FISH & WILDLIFE SERVICE (Trinity River)
TXAHR,USDI - FISH & WILDLIFE SERVICE (Anahuac)
VABBR,USDI - FISH & WILDLIFE SERVICE (Back Bay)
VACHR,USDI - FISH & WILDLIFE SERVICE (Chincoteague)
VAESR,USDI - FISH & WILDLIFE SERVICE (Eastern Shore of Virginia)
VAEVR,USDI - FISH & WILDLIFE SERVICE (Eastern Virginia Rivers Refuges)
VAGDR,USDI - FISH & WILDLIFE SERVICE (Great Dismal Swamp)
VAJRR,USDI - FISH & WILDLIFE SERVICE (James River)
VAMNR,USDI - FISH & WILDLIFE SERVICE (Mason Neck)
VAOQR,USDI - FISH & WILDLIFE SERVICE (Occoquan Bay)
VAPBX,USDI - FISH & WILDLIFE SERVICE (Paint Bank NFH)
VAPQR,USDI - FISH & WILDLIFE SERVICE (Presquile)
VAPRR,USDI - FISH & WILDLIFE SERVICE (Potomac River Refuges)
VARVR,USDI - FISH & WILDLIFE SERVICE (Rappahannock Riverlley)
VIBIR,USDI - FISH & WILDLIFE SERVICE (Buck Island)
VIGCR,USDI - FISH & WILDLIFE SERVICE (Green Cay)
VISPR,USDI - FISH & WILDLIFE SERVICE (Sa ndy Point)
DCNEP,USDI - NATIONAL PARK SERVICE (National Capitol Parks - East)
DCNPP,USDI - NATIONAL PARK SERVICE (National Capitol Parks - Central)
DCPIP,USDI - NATIONAL PARK SERVICE (Piscataway Park)
DCRCP,USDI - NATIONAL PARK SERVICE (Rock Creek Park)
DCWHP,USDI - NATIONAL PARK SERVICE (White House)
ALLRP,USDI - NATIONAL PARK SERVICE (Little River Canyon)
ALHBP,USDI - NATIONAL PARK SERVICE (Horseshoe Bend NM)
ALRUP,USDI - NATIONAL PARK SERVICE (Russell Cave NM)
ARARP,USDI - NATIONAL PARK SERVICE (Arkansas Post NM)
ARBUP,USDI - NATIONAL PARK SERVICE (Buffalo National River)
ARFSP,USDI - NATIONAL PARK SERVICE (Ft. Smith NHS)
ARHOP,USDI - NATIONAL PARK SERVICE (Hot Springs NP)
ARPEP,USDI - NATIONAL PARK SERVICE (Pea Ridge NMP)
DCANP,USDI - NATIONAL PARK SERVICE (Antietam National Battlefield)
DCAPP,USDI - NATIONAL PARK SERVICE (Appalachian NST)
DCCAP,USDI - NATIONAL PARK SERVICE (Catoctin Mountain Park)
DCCDP,USDI - NATIONAL PARK SERVICE (Clara Barton Park)
DCCOP,USDI - NATIONAL PARK SERVICE (Chesapeake & Ohio Canal NHP)
DCFWP,USDI - NATIONAL PARK SERVICE (Fort Washington Park)
DCGRP,USDI - NATIONAL PARK SERVICE (Greenbelt Park)
DCHFP,USDI - NATIONAL PARK SERVICE (Harpers Ferry NHP)
DCMOP,USDI - NATIONAL PARK SERVICE (Monocacy NB)
FLBCP,USDI - NATIONAL PARK SERVICE (Big Cypress NP)
FLBIP,USDI - NATIONAL PARK SERVICE (Biscayne NP)
FLCAP,USDI - NATIONAL PARK SERVICE (Canaveral NS)
FLCDP,USDI - NATIONAL PARK SERVICE (Castillo De San Marcos NM)
FLDNP,USDI - NATIONAL PARK SERVICE (DeSoto NM)
FLDTP,USDI - NATIONAL PARK SERVICE (Dry Tortugas NP)
FLEVP,USDI - NATIONAL PARK SERVICE (Everglades NP)
FLFCP,USDI - NATIONAL PARK SERVICE (Ft. Caroline NM)
FLFJP,USDI - NATIONAL PARK SERVICE (Ft. Jefferson NM)
FLFMP,USDI - NATIONAL PARK SERVICE (Ft. Matanzas NM)
FLGIP,USDI - NATIONAL PARK SERVICE (Gulf Island NS)
FLTIP,USDI - NATIONAL PARK SERVICE (Timucuan Ecological & Historic Preserve)
GAANP,USDI - NATIONAL PARK SERVICE (Andersonville NHS)
GACHP,USDI - NATIONAL PARK SERVICE (Chickamauga & Chattanooga NMP)
GACIP,USDI - NATIONAL PARK SERVICE (Cumberland Island NS)
GACRP,USDI - NATIONAL PARK SERVICE (Chattahoochee River NRA)
GAFFP,USDI - NATIONAL PARK SERVICE (Ft. Frederica NM)
GAFPP,USDI - NATIONAL PARK SERVICE (Ft. Pulaski NM)
GAJCP,USDI - NATIONAL PARK SERVICE (Jimmy Carter NHS)
GAKEP,USDI - NATIONAL PARK SERVICE (Kennesaw Mountain NBP)
GAMLP,USDI - NATIONAL PARK SERVICE (Martin Luther King JR. NHS)
GAOCP,USDI - NATIONAL PARK SERVICE (Ocmulgee NM)
KYALP,USDI - NATIONAL PARK SERVICE (Abraham Lincoln Birthplace NHS)
KYCGP,USDI - NATIONAL PARK SERVICE (Cumberland Gap NHP)
KYMCP,USDI - NATIONAL PARK SERVICE (Mammoth Cave NP)
LACAP,USDI - NATIONAL PARK SERVICE (Cane River Creole NHP)
LAJEP,USDI - NATIONAL PARK SERVICE (Jean Lafitte NHP & Preserve)
LANOP,USDI - NATIONAL PARK SERVICE (New Orleans Jazz NHP)
LAPOP,USDI - NATIONAL PARK SERVICE (Poverty Point NM)
MSBCP,USDI - NATIONAL PARK SERVICE (Brices Cross Roads NBS)
MSNAP,USDI - NATIONAL PARK SERVICE (Natchez Trace Parkway)
MSNHP,USDI - NATIONAL PARK SERVICE (Natchez National Historical Park)
MSNSP,USDI - NATIONAL PARK SERVICE (Natchez Trace National Scenic Trail)
MSTBP,USDI - NATIONAL PARK SERVICE (Tupelo NB)
MSVIP,USDI - NATIONAL PARK SERVICE (Vicksburg NMP)
NCBRP,USDI - NATIONAL PARK SERVICE (Blueridge Parkway)
NCCLP,USDI - NATIONAL PARK SERVICE (Cape Lookout NS)
NCCSP,USDI - NATIONAL PARK SERVICE (Carl Sandburg Home NHS)
NCFRP,USDI - NATIONAL PARK SERVICE (Ft. Raleigh NHS)
NCGIP,USDI - NATIONAL PARK SERVICE (Guilford Courthouse NMP)
NCMOP,USDI - NATIONAL PARK SERVICE (Moores Creek NBP)
NCWRP,USDI - NATIONAL PARK SERVICE (Wright Brothers NM)
NCCHP,USDI - NATIONAL PARK SERVICE (Cape Hatteras NS)
OKCHP,USDI - NATIONAL PARK SERVICE (Chickasaw NRA OK)
OKWBP,USDI - NATIONAL PARK SERVICE (Washita Battlefield NHS)
PRSAP,USDI - NATIONAL PARK SERVICE (San Juan NHS)
SCCPP,USDI - NATIONAL PARK SERVICE (Charles Pinckney NHS)
SCCSP,USDI - NATIONAL PARK SERVICE (Congaree Swamp NM)
SCCWP,USDI - NATIONAL PARK SERVICE (Cowpens NM)
SCKMP,USDI - NATIONAL PARK SERVICE (Kings Mountain NMP)
SCNIP,USDI - NATIONAL PARK SERVICE (Ninety Six NHS)
TNASP,USDI - NATIONAL PARK SERVICE (Andrew Johnson NHS)
TNBSP,USDI - NATIONAL PARK SERVICE (Big South Fork NRA)
TNFDP,USDI - NATIONAL PARK SERVICE (Ft. Donelson NMP)
TNGSP,USDI - NATIONAL PARK SERVICE (Great Smoky Mountains NP)
TNOWP,USDI - NATIONAL PARK SERVICE (Obed Wild & Scenic River)
TNSHP,USDI - NATIONAL PARK SERVICE (Shiloh NMP)
TNSTP,USDI - NATIONAL PARK SERVICE (Stones River NB)
TXAFP,USDI - NATIONAL PARK SERVICE (Alibates Flint Quarries NM)
TXAMP,USDI - NATIONAL PARK SERVICE (Amistad NRA)
TXBTP,USDI - NATIONAL PARK SERVICE (Big Thicket NP)
TXLYP,USDI - NATIONAL PARK SERVICE (Lyndon B. Johnson NHP)
TXPAP,USDI - NATIONAL PARK SERVICE (Padre Island NS)
TXPBP,USDI - NATIONAL PARK SERVICE (Palo Alto Battlefield NHS)
TXSAP,USDI - NATIONAL PARK SERVICE (San Antonio Missions NHP)
VABWP,USDI - NATIONAL PARK SERVICE (Booker T. Washington NM)
VACOP,USDI - NATIONAL PARK SERVICE (Colonial NHP)
VAFSP,USDI - NATIONAL PARK SERVICE (Fredricksburg/Spotsylvania NMP)
VAGMP,USDI - NATIONAL PARK SERVICE (George Washington Memorial Parkway)
VAGWP,USDI - NATIONAL PARK SERVICE (George Washington Birthplace NM)
VAMAP,USDI - NATIONAL PARK SERVICE (Manassas NBP)
VAPEP,USDI - NATIONAL PARK SERVICE (Petersburg NB)
VAPWP,USDI - NATIONAL PARK SERVICE (Prince William Forest Park)
VARIP,USDI - NATIONAL PARK SERVICE (Richmond NBP)
VASHP,USDI - NATIONAL PARK SERVICE (Shenandoah NP)
VAWTP,USDI - NATIONAL PARK SERVICE (Wolf Trap Farm Park)
VIBIP,USDI - NATIONAL PARK SERVICE (Buck Island Reef NM)
VICHP,USDI - NATIONAL PARK SERVICE (Christiansted NHS)
VISRP,USDI - NATIONAL PARK SERVICE (Salt River NHP & Ecological Preserve)
VIVIP,USDI - NATIONAL PARK SERVICE (Virgin Islands NP)
